{
    " ": 0.16827926872740234,
    "\u041e": 0.09237474985807216,
    "\u0415": 0.06691308357805277,
    "\u0410": 0.06560272652343743,
    "\u0418": 0.05762270392814774,
    "\u041d": 0.056050181158395246,
    "\u0422": 0.04559797359104789,
    "\u041b": 0.04453092140875407,
    "\u0421": 0.04391794401724636,
    "\u0420": 0.039907657313574714,
    "\u0412": 0.03431824654516512,
    "\u0414": 0.028496375889052978,
    "\u041c": 0.026644241124558894,
    "\u041a": 0.025987883794575246,
    "\u0423": 0.024464870737213762,
    "\u041f": 0.02276928096808934,
    "\u042c": 0.017473156305462666,
    "\u0413": 0.01744486504123923,
    "\u042b": 0.017054917116026247,
    "\u042f": 0.01644429732987048,
    "\u0417": 0.015625265230602096,
    "\u0411": 0.015162231539478573,
    "\u0427": 0.010597436057027645,
    "\u0419": 0.008624591898513577,
    "\u0425": 0.008528873121224296,
    "\u0416": 0.007648071761734745,
    "\u0428": 0.006920043229051733,
    "\u042e": 0.0039008938153410324,
    "\u042d": 0.0036472154794709158,
    "\u0426": 0.002561773975431866,
    "\u0429": 0.002374580110486817,
    "\u0424": 0.0022944215285204237,
    "\u042a": 0.0002135990448869198,
    "\u0401": 5.658252844686618e-06
}